{"metadata":{"asset_id":"c9bff378-ada6-493e-b1f3-f46f5d8b2a2b","asset_attributes":["data_asset"],"name":"simulation_data.csv","asset_type":"data_asset","created_at":"2020-09-09T19:28:27Z","description":"","origin_country":"us","owner_id":"IBMid-5500068DNW","project_id":"487ae20d-bda8-4a5d-890c-02fd3746e5c5","size":120671,"tags":[],"usage":{"last_update_time":1599679707674,"last_updated_at":"2020-09-09T19:28:27Z"}},"entity":{"data_asset":{"mime_type":"text/csv","dataset":false}},"attachments":[{"id":"c59bd6b2-d317-4b8a-b05e-66c5bdb96dbe","version":2,"asset_type":"data_asset","name":"simulation_data.csv","mime":"text/csv","datasource_type":"193a97c1-4475-4a19-b90c-295c4fdc6517","object_key":"simulation_data.csv","creator_id":"iam-ServiceId-f49c5558-c247-4983-a04f-7d3c7a3d55da","create_time":1599679707497,"size":120671,"is_remote":false,"is_managed":false,"is_referenced":true,"is_object_key_read_only":false,"is_user_provided_path_key":true,"transfer_complete":true,"is_partitioned":false,"complete_time_ticks":1599679707497,"user_data":{},"test_doc":0,"handle":{"bucket":"performancebusinessmetricscasestu-donotdelete-pr-zymwljbqcypqyw","location":"us-geo","key":"simulation_data.csv","upload_id":"done","max_part_num":1},"usage":{"access_count":0,"last_accessor_id":"iam-ServiceId-f49c5558-c247-4983-a04f-7d3c7a3d55da","last_access_time":1599679707497}}]}
