{"metadata":{"asset_id":"f61873ae-8407-4142-afb9-1a044d6a0ae0","asset_attributes":["data_asset"],"name":"simulated_user_comments.csv","asset_type":"data_asset","created_at":"2020-09-09T19:28:27Z","description":"","origin_country":"us","owner_id":"IBMid-5500068DNW","project_id":"487ae20d-bda8-4a5d-890c-02fd3746e5c5","size":5188723,"tags":[],"usage":{"last_update_time":1599679707924,"last_updated_at":"2020-09-09T19:28:27Z"}},"entity":{"data_asset":{"mime_type":"text/csv","dataset":false}},"attachments":[{"id":"97a79ac0-c0a1-44e6-a411-0bd12465ea57","version":2,"asset_type":"data_asset","name":"simulated_user_comments.csv","mime":"text/csv","datasource_type":"193a97c1-4475-4a19-b90c-295c4fdc6517","object_key":"simulated_user_comments.csv","creator_id":"iam-ServiceId-f49c5558-c247-4983-a04f-7d3c7a3d55da","create_time":1599679707804,"size":5188723,"is_remote":false,"is_managed":false,"is_referenced":true,"is_object_key_read_only":false,"is_user_provided_path_key":true,"transfer_complete":true,"is_partitioned":false,"complete_time_ticks":1599679707804,"user_data":{},"test_doc":0,"handle":{"bucket":"performancebusinessmetricscasestu-donotdelete-pr-zymwljbqcypqyw","location":"us-geo","key":"simulated_user_comments.csv","upload_id":"done","max_part_num":1},"usage":{"access_count":0,"last_accessor_id":"iam-ServiceId-f49c5558-c247-4983-a04f-7d3c7a3d55da","last_access_time":1599679707804}}]}
