{"metadata":{"asset_id":"fcf09cf5-601e-4cbd-accf-858527ebd1ba","asset_attributes":["notebook"],"name":"Performance_Business_Metrics-case-study","asset_type":"notebook","created_at":"2020-09-09T19:28:28Z","description":"","origin_country":"us","owner_id":"IBMid-5500068DNW","project_id":"487ae20d-bda8-4a5d-890c-02fd3746e5c5","size":32811,"tags":["notebook"],"usage":{"last_update_time":1599680118229,"last_updated_at":"2020-09-09T19:35:18Z"}},"entity":{"notebook":{"kernel":{"name":"python3","display_name":"Python 3.6","language":"python"},"originates_from":{"type":"file"},"runtime":{"environment":"conda2py36-487ae20d-bda8-4a5d-890c-02fd3746e5c5"}}},"attachments":[{"id":"bb4ab6f7-cf4f-4ebf-b19c-ecf40e6fdb91","version":2,"asset_type":"notebook","name":"attachment for notebook fcf09cf5-601e-4cbd-accf-858527ebd1ba","description":"attachment for notebook fcf09cf5-601e-4cbd-accf-858527ebd1ba","mime":"application/json","datasource_type":"193a97c1-4475-4a19-b90c-295c4fdc6517","object_key":"notebook/Performance_Business_Metrics-case-study_MeUqWPjUh.ipynb","creator_id":"iam-ServiceId-9e68bc5f-c5f6-4f6f-8bcf-e57f47b9d1b1","create_time":1599679709233,"size":32811,"is_remote":false,"is_managed":false,"is_referenced":true,"is_object_key_read_only":false,"is_user_provided_path_key":true,"transfer_complete":true,"is_partitioned":false,"complete_time_ticks":1599679709233,"user_data":{},"test_doc":0,"handle":{"bucket":"performancebusinessmetricscasestu-donotdelete-pr-zymwljbqcypqyw","location":"us-geo","key":"notebook/Performance_Business_Metrics-case-study_MeUqWPjUh.ipynb","upload_id":"done","max_part_num":1},"usage":{"access_count":0,"last_accessor_id":"iam-ServiceId-9e68bc5f-c5f6-4f6f-8bcf-e57f47b9d1b1","last_access_time":1599679709233}}]}
