{"metadata":{"asset_id":"1e961683-62e7-41ee-b32b-91b293274cec","asset_attributes":["data_asset","data_profile_nlu"],"name":"sherlock-holmes.txt","asset_type":"data_asset","created_at":"2021-01-08T22:27:25Z","description":"","origin_country":"us","owner_id":"IBMid-5500068DNW","project_id":"89b60414-4bf7-4f02-8db2-216000ff4f3e","size":646748,"tags":[],"usage":{"last_update_time":1610144864533,"last_updated_at":"2021-01-08T22:27:44Z"}},"entity":{"data_asset":{"mime_type":"text/plain","dataset":false},"data_profile_nlu":{"status":"completed","profiling_summary":[{"result":{"categories":[{"score":0.793917,"label":"/society/unrest and war"},{"score":0.727056,"label":"/art and entertainment/shows and events"},{"score":0.724021,"label":"/family and parenting/children"}],"concepts":[{"score":0.953675,"label":"Sherlock Holmes"},{"score":0.867409,"label":"A Scandal in Bohemia"},{"score":0.854715,"label":"Irene Adler"},{"score":0.684445,"label":"2007 singles"},{"score":0.553933,"label":"Debut albums"},{"score":0.544692,"label":"2005 singles"},{"score":0.530527,"label":"2006 singles"},{"score":0.508281,"label":"2006 albums"},{"score":0.502747,"label":"Professor Moriarty"},{"score":0.491292,"label":"Sherlock Holmes"},{"score":0.469685,"label":"2008 singles"},{"score":0.467997,"label":"Radiohead"},{"score":0.454142,"label":"Stevie Wonder"},{"score":0.453795,"label":"2003 singles"},{"score":0.414637,"label":"Jonny Greenwood"},{"score":0.410844,"label":"Pop ballads"},{"score":0.409132,"label":"2009 singles"},{"score":0.407444,"label":"Jessica Simpson"},{"score":0.404535,"label":"2000 singles"},{"score":0.399768,"label":"Justin Timberlake"}],"sentiment":{"score":0.283499,"label":"positive"},"emotion":{"sadness":0.183793,"joy":0.603763,"fear":0.113394,"disgust":0.474528,"anger":0.114928}}}]}},"attachments":[{"id":"de76024b-8aeb-4374-80ca-672e5bf4344c","version":2,"asset_type":"data_asset","name":"sherlock-holmes.txt","mime":"text/plain","datasource_type":"193a97c1-4475-4a19-b90c-295c4fdc6517","object_key":"sherlock-holmes.txt","creator_id":"iam-ServiceId-f49c5558-c247-4983-a04f-7d3c7a3d55da","create_time":1610144846960,"size":607788,"is_remote":false,"is_managed":false,"is_referenced":true,"is_object_key_read_only":false,"is_user_provided_path_key":true,"transfer_complete":true,"is_partitioned":false,"complete_time_ticks":1610144846960,"user_data":{},"test_doc":0,"handle":{"bucket":"sparkintrows-donotdelete-pr-exffgnbcp0oxve","location":"us-geo","key":"sherlock-holmes.txt","upload_id":"done","max_part_num":1},"usage":{"access_count":0,"last_accessor_id":"iam-ServiceId-f49c5558-c247-4983-a04f-7d3c7a3d55da","last_access_time":1610144846960}},{"id":"902067ff-5c73-4cf2-8925-08083a74186f","version":2,"asset_type":"data_profile_nlu","name":"nlu_1e961683-62e7-41ee-b32b-91b293274cec.json","mime":"application/json","datasource_type":"193a97c1-4475-4a19-b90c-295c4fdc6517","object_key":"data_profile_nlu/2021-01-08-22_27_43-nlu_1e961683-62e7-41ee-b32b-91b293274cec.json","creator_id":"iam-ServiceId-5d9bb1d6-b10e-410d-a535-ad6b78e9773b","create_time":1610144864532,"size":38960,"is_remote":false,"is_managed":false,"is_referenced":true,"is_object_key_read_only":false,"is_user_provided_path_key":true,"transfer_complete":true,"is_partitioned":false,"complete_time_ticks":1610144864532,"user_data":{},"test_doc":0,"handle":{"bucket":"sparkintrows-donotdelete-pr-exffgnbcp0oxve","location":"us-geo","key":"data_profile_nlu/2021-01-08-22_27_43-nlu_1e961683-62e7-41ee-b32b-91b293274cec.json","upload_id":"done","max_part_num":1},"usage":{"access_count":0,"last_accessor_id":"iam-ServiceId-5d9bb1d6-b10e-410d-a535-ad6b78e9773b","last_access_time":1610144864532}}]}
