{"metadata":{"asset_id":"828e93d3-5eec-47ec-8e87-73822f3e7fc7","asset_attributes":["notebook"],"name":"spark-intro","asset_type":"notebook","created_at":"2021-01-08T22:27:27Z","description":"","origin_country":"us","owner_id":"iam-ServiceId-9e68bc5f-c5f6-4f6f-8bcf-e57f47b9d1b1","project_id":"89b60414-4bf7-4f02-8db2-216000ff4f3e","size":176501,"tags":["notebook"],"usage":{"last_update_time":1610145015068,"last_updated_at":"2021-01-08T22:30:15Z"}},"entity":{"notebook":{"kernel":{"name":"python37","display_name":"Python 3.7 with Spark","language":"python3"},"originates_from":{"type":"file"},"runtime":{"environment":"spark24py37-89b60414-4bf7-4f02-8db2-216000ff4f3e"}}},"attachments":[{"id":"d296cd88-2ec1-4923-be8a-2d5f87e7dccf","version":2,"asset_type":"notebook","name":"attachment for notebook 828e93d3-5eec-47ec-8e87-73822f3e7fc7","description":"attachment for notebook 828e93d3-5eec-47ec-8e87-73822f3e7fc7","mime":"application/json","datasource_type":"193a97c1-4475-4a19-b90c-295c4fdc6517","object_key":"notebook/spark-intro_fMljn6_HF.ipynb","creator_id":"IBMid-5500068DNW","create_time":1610144848611,"size":176501,"is_remote":false,"is_managed":false,"is_referenced":true,"is_object_key_read_only":false,"is_user_provided_path_key":true,"transfer_complete":true,"is_partitioned":false,"complete_time_ticks":1610144848611,"user_data":{},"test_doc":0,"handle":{"bucket":"sparkintrows-donotdelete-pr-exffgnbcp0oxve","location":"us-geo","key":"notebook/spark-intro_fMljn6_HF.ipynb","upload_id":"done","max_part_num":1},"usage":{"access_count":0,"last_accessor_id":"IBMid-5500068DNW","last_access_time":1610144848611}}]}
